Age,Attrition,BusinessTravel,DailyRate,Department,DistanceFromHome,Education,EducationField,EmployeeCount,EmployeeNumber
41,1,2,1102,2,1,2,1,1,1
49,0,1,279,1,8,1,1,1,2
37,1,2,1373,1,2,2,4,1,4
33,0,1,1392,1,3,4,1,1,5
27,0,2,591,1,2,1,3,1,7
32,0,1,1005,1,2,2,1,1,8
59,0,2,1324,1,3,3,3,1,10
30,0,2,1358,1,24,1,1,1,11
38,0,1,216,1,23,3,1,1,12
36,0,2,1299,1,27,3,3,1,13
35,0,2,809,1,16,3,3,1,14
29,0,2,153,1,15,2,1,1,15
31,0,2,670,1,26,1,1,1,16
34,0,2,1346,1,19,2,3,1,18
28,1,2,103,1,24,3,1,1,19
29,0,2,1389,1,21,4,1,1,20
32,0,2,334,1,5,2,1,1,21
22,0,0,1123,1,16,2,3,1,22
53,0,2,1219,2,2,4,1,1,23
38,0,2,371,1,2,3,1,1,24
24,0,0,673,1,11,2,4,1,26
36,1,2,1218,2,9,4,1,1,27
34,0,2,419,1,7,4,1,1,28
21,0,2,391,1,15,2,1,1,30
34,1,2,699,1,6,1,3,1,31
53,0,2,1282,1,5,3,4,1,32
32,1,1,1125,1,16,1,1,1,33
42,0,2,691,2,8,4,2,1,35
44,0,2,477,1,7,4,3,1,36
46,0,2,705,2,2,4,2,1,38
33,0,2,924,1,2,3,3,1,39
44,0,2,1459,1,10,4,4,1,40
30,0,2,125,1,9,2,3,1,41
39,1,2,895,2,5,3,5,1,42
24,1,2,813,1,1,3,3,1,45
43,0,2,1273,1,2,2,3,1,46
50,1,2,869,2,3,2,2,1,47
35,0,2,890,2,2,3,2,1,49
36,0,2,852,1,5,4,1,1,51
33,0,1,1141,2,1,3,1,1,52
35,0,2,464,1,4,2,4,1,53
27,0,2,1240,1,2,4,1,1,54
26,1,2,1357,1,25,3,1,1,55
27,0,1,994,2,8,3,1,1,56
30,0,1,721,1,1,2,3,1,57
41,1,2,1360,1,12,3,5,1,58
34,0,0,1065,2,23,4,2,1,60
37,0,2,408,1,19,2,1,1,61
46,0,1,1211,2,5,4,2,1,62
35,0,2,1229,1,8,1,1,1,63
48,1,2,626,1,1,2,1,1,64
28,1,2,1434,1,5,4,5,1,65
44,0,2,1488,2,1,5,2,1,68
35,0,0,1097,1,11,2,3,1,70
26,0,2,1443,2,23,3,2,1,72
33,0,1,515,1,1,2,1,1,73
35,0,1,853,2,18,5,1,1,74
35,0,2,1142,1,23,4,3,1,75
31,0,2,655,1,7,4,1,1,76
37,0,2,1115,1,1,4,1,1,77
32,0,2,427,1,1,3,3,1,78
38,0,1,653,1,29,5,1,1,79
50,0,2,989,1,7,2,3,1,80
59,0,2,1435,2,25,3,1,1,81
36,0,2,1223,1,8,3,5,1,83
55,0,2,836,1,8,3,3,1,84
36,0,1,1195,1,11,3,1,1,85
45,0,2,1339,1,7,3,1,1,86
35,0,1,664,1,1,3,3,1,88
36,1,2,318,1,9,3,3,1,90
59,0,1,1225,2,1,1,1,1,91
29,0,2,1328,1,2,3,1,1,94
31,0,2,1082,1,1,4,3,1,95
32,0,2,548,1,1,3,1,1,96
36,0,2,132,1,6,3,1,1,97
31,0,2,746,1,8,4,1,1,98
35,0,2,776,2,1,4,2,1,100
45,0,2,193,1,6,4,4,1,101
37,0,2,397,1,7,4,3,1,102
46,0,2,945,0,5,2,3,1,103
30,0,2,852,1,1,1,1,1,104
35,0,2,1214,1,1,3,3,1,105
55,0,2,111,2,1,2,1,1,106
38,0,0,573,1,6,3,3,1,107
34,0,2,1153,1,1,2,3,1,110
56,0,2,1400,1,7,3,1,1,112
23,0,2,541,2,2,1,5,1,113
51,0,2,432,1,9,4,1,1,116
30,0,2,288,1,2,3,1,1,117
46,1,2,669,2,9,2,3,1,118
40,0,1,530,1,1,4,1,1,119
51,0,2,632,2,21,4,2,1,120
30,0,2,1334,2,4,2,3,1,121
46,0,1,638,1,1,3,3,1,124
32,0,2,1093,2,6,4,3,1,125
54,0,2,1217,1,2,4,5,1,126
24,0,2,1353,2,3,2,4,1,128
28,0,0,120,2,4,3,3,1,129
58,0,2,682,2,10,4,3,1,131
44,0,0,489,1,23,3,3,1,132
37,1,2,807,0,6,4,0,1,133
32,0,2,827,1,1,1,1,1,134
20,1,1,871,1,6,3,1,1,137
34,0,2,665,1,6,4,4,1,138
37,0,0,1040,1,2,2,1,1,139
59,0,0,1420,0,2,4,0,1,140
50,0,1,1115,1,1,3,1,1,141
25,1,2,240,2,5,3,2,1,142
25,0,2,1280,1,7,1,3,1,143
22,0,2,534,1,15,3,3,1,144
51,0,1,1456,1,1,4,3,1,145
34,1,1,658,1,7,3,1,1,147
54,0,0,142,0,26,3,0,1,148
24,0,2,1127,1,18,1,1,1,150
34,0,2,1031,1,6,4,1,1,151
37,0,2,1189,2,3,3,1,1,152
34,0,2,1354,1,5,3,3,1,153
36,0,1,1467,2,11,2,5,1,154
36,0,2,922,1,3,2,1,1,155
43,0,1,394,2,26,2,1,1,158
30,0,1,1312,1,23,3,1,1,159
33,0,0,750,2,22,2,2,1,160
56,1,2,441,1,14,4,1,1,161
51,0,2,684,1,6,3,1,1,162
31,1,2,249,2,6,4,1,1,163
26,0,2,841,1,6,3,4,1,164
58,1,2,147,1,23,4,3,1,165
19,1,2,528,2,22,1,2,1,167
22,0,2,594,1,2,1,5,1,169
49,0,2,470,1,20,4,3,1,170
43,0,1,957,1,28,3,3,1,171
50,0,1,809,2,12,3,2,1,174
31,1,2,542,2,20,3,1,1,175
41,0,2,802,2,9,1,1,1,176
26,0,2,1355,0,25,1,1,1,177
36,0,2,216,1,6,2,3,1,178
51,1,1,1150,1,8,4,1,1,179
39,0,2,1329,2,4,4,1,1,182
25,0,2,959,2,28,3,1,1,183
30,0,2,1240,0,9,3,0,1,184
32,1,2,1033,1,9,3,3,1,190
45,0,2,1316,1,29,3,3,1,192
38,0,2,364,1,3,5,5,1,193
30,0,2,438,1,18,3,1,1,194
32,0,1,689,2,9,2,3,1,195
30,0,2,201,1,5,3,5,1,197
30,0,2,1427,1,2,1,3,1,198
41,0,1,857,1,10,3,1,1,199
41,0,2,933,1,9,4,1,1,200
19,0,2,1181,1,3,1,3,1,201
40,0,1,1395,1,26,3,3,1,202
35,0,2,662,2,1,5,2,1,204
53,0,2,1436,2,6,2,2,1,205
45,0,2,194,1,9,3,1,1,206
32,0,1,967,2,8,3,2,1,207
29,0,0,1496,1,1,1,5,1,208
51,0,2,1169,1,7,4,3,1,211
58,0,2,1145,1,9,3,3,1,214
40,0,2,630,2,4,4,2,1,215
34,0,1,303,2,2,4,2,1,216
22,0,2,1256,1,19,1,3,1,217
27,0,0,691,1,9,3,3,1,218
28,0,2,440,1,21,3,3,1,221
57,0,2,334,1,24,2,1,1,223
27,0,0,1450,1,3,3,3,1,224
50,0,2,1452,1,11,3,1,1,226
41,0,2,465,1,14,3,1,1,227
30,0,2,1339,2,5,3,1,1,228
38,0,2,702,2,1,4,1,1,230
32,0,2,120,1,6,5,1,1,231
27,0,2,1157,1,17,3,5,1,233
19,1,1,602,2,1,1,5,1,235
36,0,1,1480,1,3,2,3,1,238
30,0,0,111,1,9,3,3,1,239
45,0,2,1268,2,4,2,1,1,240
56,0,2,713,1,8,3,1,1,241
33,0,2,134,1,2,3,1,1,242
19,1,2,303,1,2,3,1,1,243
46,0,2,526,2,1,2,2,1,244
38,0,2,1380,1,9,2,1,1,245
31,0,2,140,1,12,1,3,1,246
34,0,2,629,1,27,2,3,1,247
41,1,2,1356,2,20,2,2,1,248
50,0,2,328,1,1,3,3,1,249
53,0,2,1084,1,13,2,3,1,250
33,0,2,931,1,14,3,3,1,252
40,0,2,989,1,4,1,3,1,253
55,0,2,692,1,14,4,3,1,254
34,0,1,1069,1,2,1,1,1,256
51,0,2,313,1,3,3,3,1,258
52,0,2,699,1,1,4,1,1,259
27,0,2,894,1,9,3,3,1,260
35,1,2,556,1,23,2,1,1,261
43,0,0,1344,1,7,3,3,1,262
45,0,0,1195,1,2,2,3,1,264
37,0,2,290,1,21,3,1,1,267
35,0,1,138,1,2,3,3,1,269
42,0,0,926,1,21,2,3,1,270
38,0,2,1261,1,2,4,1,1,271
38,0,2,1084,1,29,3,5,1,273
27,0,1,472,1,1,1,5,1,274
49,0,0,1002,1,18,4,1,1,275
34,0,1,878,1,10,4,3,1,277
40,0,2,905,1,19,2,3,1,281
38,1,2,1180,1,29,1,3,1,282
29,1,2,121,2,27,3,2,1,283
22,0,2,1136,1,5,3,1,1,284
36,0,1,635,1,18,1,3,1,286
40,0,0,1151,1,9,5,1,1,287
46,0,2,644,1,1,4,3,1,288
32,1,2,1045,2,4,4,3,1,291
30,0,0,829,1,1,1,1,1,292
27,0,1,1242,2,20,3,1,1,293
51,0,2,1469,1,8,4,1,1,296
30,1,2,1005,1,3,3,5,1,297
41,0,2,896,2,6,3,1,1,298
30,1,1,334,2,26,4,2,1,299
29,1,2,992,1,1,3,5,1,300
45,0,0,1052,2,6,3,3,1,302
54,0,2,1147,2,3,3,2,1,303
36,0,2,1396,1,5,2,1,1,304
33,0,2,147,1,4,4,3,1,305
37,0,1,663,1,11,3,4,1,306
38,0,2,119,2,3,3,1,1,307
31,0,0,979,1,1,4,3,1,308
59,0,2,142,1,3,3,1,1,309
37,0,1,319,2,4,4,2,1,311
29,0,1,1413,2,1,1,3,1,312
35,0,1,944,2,1,3,2,1,314
29,1,2,896,1,18,1,3,1,315
52,0,2,1323,1,2,3,1,1,316
42,0,2,532,1,4,2,5,1,319
59,0,2,818,0,6,2,3,1,321
50,0,2,854,2,1,4,3,1,323
33,1,2,813,1,14,3,3,1,325
43,0,2,1034,2,16,3,2,1,327
33,1,2,465,1,2,2,1,1,328
52,0,0,771,2,2,4,1,1,329
32,0,2,1401,2,4,2,1,1,330
32,1,2,515,1,1,3,1,1,331
39,0,2,1431,1,1,4,3,1,332
32,0,0,976,2,26,4,2,1,333
41,0,2,1411,1,19,2,1,1,334
40,0,2,1300,1,24,2,5,1,335
45,0,2,252,1,1,3,4,1,336
31,0,1,1327,1,3,4,3,1,337
33,0,2,832,1,5,4,1,1,338
34,0,2,470,1,2,4,1,1,339
37,0,2,1017,1,1,2,3,1,340
45,0,1,1199,1,7,4,1,1,341
37,1,1,504,1,10,3,3,1,342
39,0,1,505,1,2,4,5,1,343
29,0,2,665,1,15,3,1,1,346
42,0,2,916,1,17,2,1,1,347
29,0,2,1247,2,20,2,2,1,349
25,0,2,685,1,1,3,1,1,350
42,0,2,269,1,2,3,3,1,351
40,0,2,1416,1,2,2,3,1,352
51,0,2,833,1,1,3,1,1,353
31,1,1,307,1,29,2,3,1,355
32,0,1,1311,1,7,3,1,1,359
38,0,0,1327,2,2,2,1,1,361
32,0,2,128,1,2,1,5,1,362
46,0,2,488,2,2,3,5,1,363
28,1,2,529,1,2,4,1,1,364
29,0,2,1210,2,2,3,3,1,366
31,0,2,1463,1,23,3,3,1,367
25,0,0,675,1,5,2,1,1,369
45,0,2,1385,1,20,2,3,1,372
36,0,2,1403,1,6,3,1,1,373
55,0,2,452,1,1,3,3,1,374
47,1,0,666,1,29,4,1,1,376
28,0,2,1158,1,9,3,3,1,377
37,0,2,228,2,6,4,3,1,378
21,0,2,996,1,3,2,3,1,379
37,0,0,728,1,1,4,3,1,380
35,0,2,1315,1,22,3,1,1,381
38,0,2,322,2,7,2,3,1,382
26,0,1,1479,1,1,3,1,1,384
50,0,2,797,1,4,1,1,1,385
53,0,2,1070,1,3,4,3,1,386
42,0,2,635,2,1,1,1,1,387
29,0,1,442,2,2,2,1,1,388
55,0,2,147,1,20,2,5,1,389
26,0,1,496,1,11,2,3,1,390
37,0,2,1372,1,1,3,1,1,391
44,1,1,920,1,24,3,1,1,392
38,0,2,688,1,23,4,1,1,393
26,1,2,1449,1,16,4,3,1,394
28,0,2,1117,1,8,2,1,1,395
49,0,1,636,1,10,4,1,1,396
36,0,2,506,1,3,3,5,1,397
31,0,1,444,2,5,3,2,1,399
26,1,2,950,2,4,4,2,1,401
37,0,1,889,1,9,3,3,1,403
42,0,1,555,2,26,3,2,1,404
18,1,2,230,1,3,3,1,1,405
35,0,2,1232,2,16,3,2,1,406
36,0,1,566,1,18,4,1,1,407
51,0,2,1302,1,2,3,3,1,408
41,0,2,334,2,2,4,1,1,410
18,0,2,812,2,10,3,3,1,411
28,0,2,1476,1,16,2,3,1,412
31,0,2,218,2,7,3,5,1,416
39,0,2,1132,1,1,3,3,1,417
36,0,0,1105,1,24,4,1,1,419
32,0,2,906,2,7,3,1,1,420
38,0,2,849,1,25,2,1,1,421
58,0,0,390,1,1,4,1,1,422
31,0,2,691,1,5,4,5,1,423
31,0,2,106,0,2,3,0,1,424
45,0,1,1249,1,7,3,1,1,425
31,0,2,192,1,2,4,1,1,426
33,0,1,553,1,5,4,1,1,428
39,0,2,117,1,10,1,3,1,429
43,0,1,185,1,10,4,1,1,430
49,0,2,1091,1,1,2,5,1,431
52,1,2,723,1,8,4,3,1,433
27,0,2,1220,1,5,3,1,1,434
32,0,2,588,2,8,2,5,1,436
27,0,2,1377,2,2,3,1,1,437
31,0,2,691,2,7,3,2,1,438
32,0,2,1018,1,2,4,3,1,439
28,1,2,1157,1,2,4,3,1,440
30,0,2,1275,1,28,2,3,1,441
31,0,1,798,1,7,2,1,1,442
39,0,1,672,1,7,2,3,1,444
39,1,2,1162,2,3,2,3,1,445
33,0,1,508,2,10,3,2,1,446
47,0,2,1482,1,5,5,1,1,447
43,0,1,559,1,10,4,1,1,448
27,0,0,210,2,1,1,2,1,449
54,0,1,928,1,20,4,1,1,450
43,0,2,1001,1,7,3,1,1,451
45,0,2,549,1,8,4,4,1,452
40,0,2,1124,2,1,2,3,1,453
29,1,2,318,1,8,4,4,1,454
29,0,2,738,1,9,5,4,1,455
30,0,2,570,2,5,3,2,1,456
27,0,2,1130,2,8,4,2,1,458
37,0,2,1192,1,5,2,3,1,460
38,0,2,343,1,15,2,1,1,461
31,0,2,1232,1,7,4,3,1,462
29,0,2,144,2,10,1,2,1,463
35,0,2,1296,1,5,4,5,1,464
23,0,2,1309,1,26,1,1,1,465
41,0,2,483,1,6,3,3,1,466
47,0,1,1309,2,4,1,3,1,467
42,0,2,810,1,23,5,1,1,468
29,0,0,746,2,2,3,1,1,469
42,0,2,544,0,2,1,5,1,470
32,0,2,1062,1,2,3,3,1,471
48,0,2,530,2,29,1,3,1,473
37,0,2,1319,1,6,3,3,1,474
30,0,0,641,2,25,2,5,1,475
26,0,2,933,2,1,3,1,1,476
42,0,2,1332,1,2,4,4,1,477
21,1,1,756,2,1,1,5,1,478
36,0,0,845,2,1,5,3,1,479
36,0,1,541,2,3,4,3,1,481
57,0,2,593,1,1,4,3,1,482
40,0,2,1171,1,10,4,1,1,483
21,0,0,895,2,9,2,3,1,484
33,1,2,350,2,5,3,2,1,485
37,0,2,921,1,10,3,3,1,486
46,0,0,1144,1,7,4,3,1,487
41,1,1,143,2,4,3,2,1,488
50,0,2,1046,1,10,3,5,1,491
40,1,2,575,2,22,2,2,1,492
31,0,2,408,1,9,4,1,1,493
21,1,2,156,2,12,3,1,1,494
29,0,2,1283,1,23,3,1,1,495
35,0,2,755,1,9,4,1,1,496
27,0,2,1469,1,1,2,3,1,497
28,0,2,304,2,9,4,1,1,498
49,0,2,1261,1,7,3,4,1,499
51,0,2,1178,2,14,2,1,1,500
36,0,2,329,1,2,3,1,1,501
34,1,0,1362,2,19,3,2,1,502
55,0,2,1311,1,2,3,1,1,505
24,0,2,1371,2,10,4,2,1,507
30,0,2,202,2,2,1,5,1,508
26,1,1,575,1,3,1,5,1,510
22,0,2,253,1,11,3,3,1,511
36,0,2,164,2,2,2,3,1,513
30,1,1,464,1,4,3,5,1,514
37,0,2,1107,1,14,3,1,1,515
40,0,2,759,2,2,2,2,1,516
42,0,2,201,1,1,4,1,1,517
37,0,2,1305,1,10,4,1,1,518
43,0,2,982,1,12,3,1,1,520
40,0,2,555,1,2,3,3,1,521
54,0,2,821,1,5,2,3,1,522
34,0,0,1381,2,4,4,2,1,523
31,0,2,480,1,7,2,3,1,524
43,0,1,313,1,21,3,3,1,525
43,0,2,1473,1,8,4,4,1,526
25,0,2,891,2,4,2,1,1,527
37,0,0,1063,1,25,5,3,1,529
31,0,2,329,1,1,2,1,1,530
39,0,1,1218,1,1,1,1,1,531
56,0,1,906,2,6,3,1,1,532
30,0,2,1082,2,12,3,5,1,533
41,0,2,645,2,1,3,2,1,534
28,0,2,1300,1,17,2,3,1,536
25,1,2,688,1,3,3,3,1,538
52,0,2,319,1,3,3,3,1,543
45,0,2,192,1,10,2,1,1,544
52,0,2,1490,1,4,2,1,1,546
42,0,1,532,1,29,2,1,1,547
30,0,2,317,1,2,3,1,1,548
60,0,2,422,1,7,3,1,1,549
46,0,2,1485,1,18,3,3,1,550
42,0,1,1368,1,28,4,5,1,551
24,1,2,1448,2,1,1,5,1,554
34,1,1,296,2,6,2,2,1,555
38,0,1,1490,1,2,2,1,1,556
40,0,2,1398,2,2,4,1,1,558
26,0,2,1349,1,23,3,1,1,560
30,0,0,1400,1,3,3,1,1,562
29,0,2,986,1,3,4,3,1,564
29,1,2,408,1,25,5,5,1,565
19,1,2,489,0,2,2,5,1,566
30,0,0,1398,2,22,4,4,1,567
57,0,2,210,2,29,3,2,1,568
50,0,2,1099,1,29,4,1,1,569
30,0,0,1116,1,2,3,3,1,571
60,0,1,1499,2,28,3,2,1,573
47,0,2,983,1,2,2,3,1,574
46,0,2,1009,1,2,3,1,1,575
35,0,2,144,1,22,3,1,1,577
54,0,2,548,1,8,4,1,1,578
34,0,2,1303,1,2,4,1,1,579
46,0,2,1125,2,10,3,2,1,580
31,0,2,1274,1,9,1,1,1,581
33,1,2,1277,1,15,1,3,1,582
33,1,2,587,1,10,1,3,1,584
30,0,2,413,2,7,1,2,1,585
35,0,2,1276,1,16,3,1,1,586
31,1,1,534,1,20,3,1,1,587
34,1,1,988,0,23,3,0,1,590
42,0,1,1474,1,5,2,4,1,591
36,0,0,635,2,10,4,3,1,592
22,1,1,1368,1,4,1,5,1,593
48,0,2,163,2,2,5,2,1,595
55,0,2,1117,2,18,5,1,1,597
41,0,0,267,2,10,2,1,1,599
35,0,2,619,2,1,3,2,1,600
40,0,2,302,1,6,3,1,1,601
39,0,1,443,1,8,1,1,1,602
31,0,2,828,2,2,1,1,1,604
42,0,2,319,1,24,3,3,1,605
45,0,2,561,2,2,3,4,1,606
26,1,1,426,0,17,4,1,1,608
29,0,2,232,1,19,3,5,1,611
33,0,2,922,1,1,5,3,1,612
31,0,2,688,2,7,3,1,1,613
18,1,1,1306,2,5,3,2,1,614
40,0,0,1094,2,28,3,4,1,615
41,0,0,509,1,2,4,4,1,616
26,0,2,775,2,29,2,3,1,618
35,0,2,195,2,1,3,3,1,620
34,0,2,258,2,21,4,1,1,621
26,1,2,471,1,24,3,5,1,622
37,0,2,799,1,1,3,5,1,623
46,0,1,1034,1,18,1,3,1,624
41,0,2,1276,2,2,5,1,1,625
37,0,0,142,2,9,4,3,1,626
52,0,2,956,1,6,2,5,1,630
32,1,0,1474,2,11,4,4,1,631
24,0,1,535,2,24,3,3,1,632
38,0,2,1495,1,10,3,3,1,634
37,0,2,446,1,1,4,1,1,635
49,0,2,1245,1,18,4,1,1,638
24,0,2,691,1,23,3,3,1,639
26,0,2,703,2,28,2,2,1,641
24,0,2,823,1,17,2,4,1,643
50,0,1,1246,0,3,3,3,1,644
25,0,2,622,2,13,1,3,1,645
24,1,1,1287,1,7,3,1,1,647
30,1,1,448,2,12,4,1,1,648
34,0,2,254,1,1,2,1,1,649
31,1,2,1365,2,13,4,3,1,650
35,0,2,538,1,25,2,4,1,652
31,0,2,525,2,6,4,3,1,653
27,0,2,798,1,6,4,3,1,655
37,0,2,558,2,2,3,2,1,656
20,0,2,959,1,1,3,1,1,657
42,0,2,622,1,2,4,1,1,659
43,0,2,782,1,6,4,4,1,661
38,0,2,362,1,1,1,1,1,662
43,0,1,1001,1,9,5,3,1,663
48,0,2,1236,1,1,4,1,1,664
44,0,2,1112,0,1,4,1,1,665
34,0,2,204,2,14,3,5,1,666
27,1,2,1420,2,2,1,2,1,667
21,0,2,1343,2,22,1,5,1,669
44,0,2,1315,1,3,4,4,1,671
22,0,2,604,1,6,1,3,1,675
33,0,2,1216,2,8,4,2,1,677
32,0,2,646,1,9,4,1,1,679
30,0,1,160,1,3,3,3,1,680
53,0,2,238,2,1,1,3,1,682
34,0,2,1397,1,1,5,1,1,683
45,1,1,306,2,26,4,1,1,684
26,0,2,991,1,6,3,1,1,686
37,0,2,482,1,3,3,4,1,689
29,0,2,1176,2,3,2,3,1,690
35,0,2,1017,1,6,4,1,1,691
33,0,1,1296,1,6,3,1,1,692
54,0,2,397,0,19,4,3,1,698
36,0,2,913,1,9,2,3,1,699
27,0,2,1115,1,3,4,3,1,700
20,1,2,1362,1,10,1,3,1,701
33,1,1,1076,1,3,3,1,1,702
35,0,0,727,1,3,3,1,1,704
23,0,2,885,1,4,3,3,1,705
25,0,2,810,2,8,3,1,1,707
38,0,2,243,2,7,4,2,1,709
29,0,1,806,1,1,4,1,1,710
48,0,2,817,2,2,1,2,1,712
27,0,1,1410,2,3,1,3,1,714
37,0,2,1225,1,10,2,1,1,715
50,0,2,1207,1,28,1,3,1,716
34,0,2,1442,1,9,3,3,1,717
24,1,2,693,2,3,2,1,1,720
39,0,2,408,1,2,4,5,1,721
32,0,2,929,2,10,3,2,1,722
50,1,1,562,2,8,2,5,1,723
38,0,2,827,1,1,4,1,1,724
27,0,2,608,1,1,2,1,1,725
32,0,2,1018,1,3,2,1,1,727
47,0,2,703,2,14,4,2,1,728
40,0,1,580,2,5,4,1,1,729
53,0,2,970,1,7,3,1,1,730
41,0,2,427,0,10,4,0,1,731
60,0,2,1179,2,16,4,2,1,732
27,0,1,294,1,10,2,1,1,733
41,0,2,314,0,1,3,0,1,734
50,0,2,316,2,8,4,2,1,738
28,1,2,654,1,1,2,1,1,741
36,0,0,427,1,8,3,1,1,742
38,0,2,168,1,1,3,1,1,743
44,0,0,381,1,24,3,3,1,744
47,0,1,217,2,3,3,3,1,746
30,0,2,501,2,27,5,2,1,747
29,0,2,1396,2,10,3,1,1,749
42,1,1,933,1,19,3,3,1,752
43,0,1,775,2,15,3,1,1,754
34,0,2,970,1,8,2,3,1,757
23,0,2,650,1,9,1,3,1,758
39,0,2,141,0,3,3,0,1,760
56,0,2,832,1,9,3,3,1,762
40,0,2,804,1,2,1,3,1,763
27,0,2,975,1,7,3,3,1,764
29,0,2,1090,2,10,3,2,1,766
53,0,2,346,1,6,3,1,1,769
35,0,0,1225,1,2,4,1,1,771
32,0,1,430,1,24,4,1,1,772
38,0,2,268,1,2,5,3,1,773
34,0,2,167,1,8,5,1,1,775
52,0,2,621,2,3,4,2,1,776
33,1,2,527,1,1,4,4,1,780
25,0,2,883,2,26,1,3,1,781
45,0,2,954,2,2,2,5,1,783
23,0,2,310,1,10,1,3,1,784
47,1,1,719,2,27,2,1,1,785
34,0,2,304,2,2,3,4,1,786
55,1,2,725,1,2,3,3,1,787
36,0,0,1434,2,8,4,1,1,789
52,0,0,715,1,19,4,3,1,791
26,0,1,575,1,1,2,1,1,792
29,0,2,657,1,27,3,3,1,793
26,1,2,1146,2,8,3,5,1,796
34,0,2,182,1,1,4,1,1,797
54,0,2,376,1,19,4,3,1,799
27,0,1,829,2,8,1,2,1,800
37,0,2,571,1,10,1,1,1,802
38,0,1,240,1,2,4,1,1,803
34,0,2,121,1,2,4,3,1,804
35,0,2,384,2,8,4,1,1,805
30,0,2,921,1,1,3,1,1,806
40,0,1,791,1,2,2,3,1,807
34,0,2,1111,2,8,2,1,1,808
42,0,1,570,1,8,3,1,1,809
23,1,2,1243,1,6,3,1,1,811
24,0,0,1092,1,9,3,1,1,812
52,0,2,1325,1,11,4,1,1,813
50,0,2,691,1,2,3,3,1,815
29,1,2,805,1,1,2,1,1,816
33,0,2,213,1,7,3,3,1,817
33,1,2,118,2,16,3,2,1,819
47,0,2,202,1,2,2,4,1,820
36,0,2,676,1,1,3,4,1,823
29,0,2,1252,1,23,2,1,1,824
58,1,2,286,1,2,4,1,1,825
35,0,2,1258,1,1,4,1,1,826
42,0,2,932,1,1,2,1,1,827
28,1,2,890,1,2,4,3,1,828
36,0,2,1041,0,13,3,0,1,829
32,0,2,859,1,4,3,1,1,830
40,0,1,720,1,16,4,3,1,832
30,0,2,946,1,2,3,3,1,833
45,0,2,252,1,2,3,1,1,834
42,0,2,933,1,29,3,1,1,836
38,0,1,471,1,12,3,1,1,837
34,0,1,702,1,16,4,1,1,838
49,1,2,1184,2,11,3,2,1,840
55,1,2,436,2,2,1,3,1,842
43,0,2,589,1,14,2,1,1,843
27,0,2,269,1,5,1,5,1,844
35,0,2,950,1,7,3,4,1,845
28,0,2,760,2,2,4,2,1,846
34,0,2,829,0,3,2,0,1,847
26,1,1,887,1,5,2,3,1,848
27,0,0,443,1,3,3,3,1,850
51,0,2,1318,2,26,4,2,1,851
44,0,2,625,1,4,3,3,1,852
25,0,2,180,1,2,1,3,1,854
33,0,2,586,2,1,3,3,1,855
35,0,2,1343,1,27,1,3,1,856
36,0,2,928,2,1,2,1,1,857
32,0,2,117,2,13,4,1,1,859
30,0,1,1012,1,5,4,1,1,861
53,0,2,661,2,7,2,2,1,862
45,0,2,930,2,9,3,2,1,864
32,0,2,638,1,8,2,3,1,865
52,0,1,890,1,25,4,3,1,867
37,0,2,342,2,16,4,2,1,868
28,0,2,1169,0,8,2,3,1,869
22,0,2,1230,1,1,2,1,1,872
44,0,2,986,1,8,4,1,1,874
42,0,1,1271,1,2,1,3,1,875
36,0,2,1278,0,8,3,1,1,878
25,0,2,141,2,3,1,4,1,879
35,0,2,607,1,9,3,1,1,880
35,1,1,130,1,25,4,1,1,881
32,0,0,300,1,1,3,1,1,882
25,0,2,583,2,4,1,2,1,885
49,0,2,1418,1,1,3,5,1,887
24,0,0,1269,1,4,1,1,1,888
32,0,1,379,2,5,2,1,1,889
38,0,2,395,2,9,3,2,1,893
42,0,2,1265,1,3,3,1,1,894
31,0,2,1222,1,11,4,1,1,895
29,1,2,341,2,1,3,3,1,896
53,0,2,868,2,8,3,2,1,897
35,0,2,672,1,25,3,5,1,899
37,0,1,1231,2,21,2,3,1,900
53,0,2,102,1,23,4,1,1,901
43,0,1,422,1,1,3,1,1,902
47,0,2,249,2,2,2,2,1,903
37,0,0,1252,2,19,2,3,1,904
50,0,0,881,1,2,4,1,1,905
39,0,2,1383,0,2,3,1,1,909
33,0,2,1075,0,3,2,0,1,910
32,1,2,374,1,25,4,1,1,911
29,0,2,1086,1,7,1,3,1,912
44,0,2,661,1,9,2,1,1,913
28,0,2,821,2,5,4,3,1,916
58,1,1,781,1,2,1,1,1,918
43,0,2,177,1,8,3,1,1,920
20,1,2,500,2,2,3,3,1,922
21,1,2,1427,1,18,1,4,1,923
36,0,2,1425,1,14,1,1,1,924
47,0,2,1454,2,2,4,1,1,925
22,1,2,617,1,3,1,1,1,926
41,1,2,1085,1,2,4,1,1,927
28,0,2,995,1,9,3,3,1,930
39,1,2,1122,1,6,3,3,1,932
27,0,2,618,1,4,3,1,1,933
34,0,2,546,1,10,3,1,1,934
42,0,2,462,2,14,2,3,1,936
33,0,2,1198,1,1,4,4,1,939
58,0,2,1272,1,5,3,5,1,940
31,0,2,154,2,7,4,1,1,941
35,0,2,1137,1,21,1,1,1,942
49,0,2,527,1,8,2,4,1,944
48,0,2,1469,1,20,4,3,1,945
31,0,0,1188,2,20,2,2,1,947
36,0,2,188,1,7,4,4,1,949
38,0,2,1333,1,1,3,5,1,950
32,0,0,1184,1,1,3,1,1,951
25,1,2,867,2,19,2,2,1,952
40,0,2,658,2,10,4,2,1,954
26,0,1,1283,2,1,3,3,1,956
41,0,2,263,1,6,3,3,1,957
36,0,2,938,1,2,4,3,1,958
19,1,2,419,2,21,3,4,1,959
20,1,2,129,1,4,3,5,1,960
31,0,2,616,1,12,3,3,1,961
40,0,1,1469,1,9,4,3,1,964
32,0,2,498,1,3,4,3,1,966
36,1,2,530,2,3,1,1,1,967
33,0,2,1069,1,1,3,1,1,969
37,1,2,625,2,1,4,1,1,970
45,0,0,805,1,4,2,1,1,972
29,0,1,1404,2,20,3,5,1,974
35,0,2,1219,2,18,3,3,1,975
52,0,2,1053,1,1,2,1,1,976
58,1,2,289,1,2,3,5,1,977
53,0,2,1376,2,2,2,3,1,981
30,0,2,231,2,8,2,4,1,982
38,0,0,152,2,10,3,5,1,983
35,0,2,882,2,3,4,1,1,984
39,0,2,903,2,2,5,1,1,985
40,1,0,1479,2,24,3,1,1,986
47,0,1,1379,1,16,4,3,1,987
36,0,0,1229,2,8,4,5,1,990
31,1,0,335,1,9,2,3,1,991
33,0,0,722,2,17,3,1,1,992
29,1,2,906,1,10,3,1,1,994
33,0,2,461,1,13,1,1,1,995
45,0,2,974,1,1,4,3,1,996
50,0,2,1126,1,1,2,3,1,997
33,0,1,827,1,1,4,4,1,998
41,0,1,840,1,9,3,3,1,999
27,0,2,1134,1,16,4,5,1,1001
45,0,0,248,1,23,2,1,1,1002
47,0,2,955,2,4,2,1,1,1003
30,1,2,138,1,22,3,1,1,1004
50,0,2,939,1,24,3,1,1,1005
38,0,1,1391,1,10,1,3,1,1006
46,0,2,566,1,7,2,3,1,1007
24,0,2,1206,1,17,1,3,1,1009
35,1,2,622,1,14,4,4,1,1010
31,0,1,853,1,1,1,1,1,1011
18,0,0,287,1,5,2,1,1,1012
54,0,2,1441,1,17,3,5,1,1013
35,0,2,583,1,25,4,3,1,1014
30,0,2,153,1,8,2,1,1,1015
20,1,2,1097,1,11,3,3,1,1016
30,1,1,109,1,5,3,3,1,1017
26,0,2,1066,1,2,2,3,1,1018
22,0,2,217,1,8,1,1,1,1019
48,0,2,277,1,6,3,1,1,1022
48,0,2,1355,1,4,4,1,1,1024
41,0,2,549,1,7,2,3,1,1025
39,0,2,466,1,1,1,1,1,1026
27,0,2,1055,1,2,4,1,1,1027
35,0,2,802,1,10,3,4,1,1028
42,0,2,265,2,5,2,2,1,1029
50,0,2,804,1,9,3,1,1,1030
59,0,2,715,1,2,3,1,1,1032
37,1,2,1141,1,11,2,3,1,1033
55,0,1,135,1,18,4,3,1,1034
41,0,0,247,1,7,1,1,1,1035
38,0,2,1035,2,3,4,1,1,1036
26,1,0,265,2,29,2,3,1,1037
52,1,2,266,2,2,1,2,1,1038
44,0,2,1448,2,28,3,3,1,1039
50,0,0,145,2,1,3,1,1,1040
36,1,2,885,1,16,4,1,1,1042
39,0,1,945,1,22,3,3,1,1043
33,0,0,1038,2,8,1,1,1,1044
45,0,2,1234,2,11,2,1,1,1045
32,0,0,1109,1,29,4,3,1,1046
34,0,2,216,2,1,4,2,1,1047
59,0,2,1089,2,1,2,5,1,1048
45,0,2,788,0,24,4,3,1,1049
53,0,1,124,2,2,3,2,1,1050
36,1,2,660,1,15,3,4,1,1052
26,1,1,342,1,2,3,1,1,1053
34,0,2,1333,2,10,4,1,1,1055
28,0,2,1144,2,10,1,3,1,1056
38,0,1,1186,1,3,4,4,1,1060
50,0,2,1464,1,2,4,3,1,1061
37,0,2,124,1,3,3,4,1,1062
40,0,2,300,2,26,3,2,1,1066
26,0,1,921,1,1,1,3,1,1068
46,0,2,430,1,1,4,3,1,1069
54,0,2,1082,2,2,4,1,1,1070
56,0,1,1240,1,9,3,3,1,1071
36,0,2,796,1,12,5,3,1,1073
55,0,0,444,1,2,1,3,1,1074
43,0,2,415,2,25,3,3,1,1076
20,1,1,769,2,9,3,2,1,1077
21,1,2,1334,1,10,3,1,1,1079
46,0,2,1003,1,8,4,1,1,1080
51,1,2,1323,1,4,4,1,1,1081
28,1,0,1366,1,24,2,5,1,1082
26,0,2,192,1,1,2,3,1,1083
30,0,2,1176,1,20,3,4,1,1084
41,0,2,509,1,7,2,5,1,1085
38,0,2,330,1,17,1,1,1,1088
40,0,2,1492,1,20,4,5,1,1092
27,0,0,1277,1,8,5,1,1,1094
55,0,1,1091,1,2,1,1,1,1096
28,0,2,857,1,10,3,4,1,1097
44,1,2,1376,0,1,2,3,1,1098
33,0,2,654,1,5,3,1,1,1099
35,1,2,1204,2,4,3,5,1,1100
33,1,1,827,1,29,4,3,1,1101
28,0,2,895,1,15,2,1,1,1102
34,0,1,618,1,3,1,1,1,1103
37,0,2,309,2,10,4,1,1,1105
25,1,2,1219,1,4,1,5,1,1106
26,1,2,1330,1,21,3,3,1,1107
33,1,2,1017,1,25,3,3,1,1108
42,0,2,469,1,2,2,3,1,1109
28,1,1,1009,1,1,3,3,1,1111
50,1,1,959,2,1,4,4,1,1113
33,0,1,970,2,7,3,1,1,1114
34,0,0,697,1,3,4,1,1,1115
48,0,0,1262,1,1,4,3,1,1116
45,0,0,1050,2,9,4,1,1,1117
52,0,2,994,1,7,4,1,1,1118
38,0,2,770,2,10,4,2,1,1119
29,0,2,1107,1,28,4,1,1,1120
28,0,2,950,1,3,3,3,1,1121
46,0,2,406,2,3,1,2,1,1124
38,0,2,130,2,2,2,2,1,1125
43,0,1,1082,1,27,3,1,1,1126
39,1,1,203,1,2,3,1,1,1127
40,0,2,1308,1,14,3,3,1,1128
21,0,2,984,1,1,1,5,1,1131
39,0,0,439,1,9,3,1,1,1132
36,0,0,217,1,18,4,1,1,1133
31,0,1,793,2,20,3,1,1,1135
28,0,2,1451,1,2,1,1,1,1136
35,0,1,1182,2,11,2,2,1,1137
49,0,2,174,2,8,4,5,1,1138
34,0,1,1003,1,2,2,1,1,1140
29,0,1,490,1,10,3,1,1,1143
42,0,2,188,1,29,3,3,1,1148
29,0,2,718,1,8,1,3,1,1150
38,0,2,433,0,1,3,0,1,1152
28,0,1,773,1,6,3,1,1,1154
18,1,0,247,1,8,1,3,1,1156
33,1,2,603,2,9,4,2,1,1157
41,0,2,167,1,12,4,1,1,1158
31,1,1,874,1,15,3,3,1,1160
37,0,2,367,1,25,2,3,1,1161
27,0,2,199,1,6,3,1,1,1162
34,0,2,1400,2,9,1,1,1,1163
35,0,2,528,0,8,4,5,1,1164
29,1,2,408,2,23,1,1,1,1165
40,0,1,593,1,9,4,3,1,1166
42,1,1,481,2,12,3,1,1,1167
42,0,2,647,2,4,4,2,1,1171
35,0,2,982,1,1,4,3,1,1172
24,0,2,477,1,24,3,3,1,1173
28,1,2,1485,1,12,1,1,1,1175
26,0,2,1384,1,3,4,3,1,1177
30,0,2,852,2,10,3,2,1,1179
40,0,1,902,1,26,2,3,1,1180
35,0,2,819,1,2,3,1,1,1182
34,0,1,669,1,1,3,3,1,1184
35,0,1,636,1,4,4,4,1,1185
43,1,2,1372,2,9,3,2,1,1188
32,0,0,862,2,2,1,1,1,1190
56,0,2,718,1,4,4,5,1,1191
29,0,2,1401,1,6,1,3,1,1192
19,0,2,645,1,9,2,1,1,1193
45,0,2,1457,1,7,3,3,1,1195
37,0,2,977,1,1,3,1,1,1196
20,0,2,805,1,3,3,1,1,1198
44,1,2,1097,1,10,4,1,1,1200
53,0,2,1223,1,7,2,3,1,1201
29,0,2,942,1,15,1,1,1,1202
22,1,1,1256,1,3,4,1,1,1203
46,0,2,1402,2,2,3,2,1,1204
44,0,0,111,1,17,3,1,1,1206
33,0,2,147,0,2,3,0,1,1207
41,1,0,906,1,5,2,1,1,1210
30,0,2,1329,2,29,4,1,1,1211
40,0,1,1184,2,2,4,3,1,1212
50,0,1,1421,1,2,3,3,1,1215
28,0,2,1179,1,19,4,3,1,1216
46,0,2,1450,1,15,2,1,1,1217
35,0,2,1361,2,17,4,1,1,1218
24,1,2,984,1,17,2,1,1,1219
33,0,1,1146,2,25,3,3,1,1220
36,0,2,917,1,6,4,1,1,1221
30,0,2,853,1,7,4,1,1,1224
44,0,2,200,1,29,4,4,1,1225
20,0,2,654,2,21,3,2,1,1226
46,0,2,150,1,2,4,5,1,1228
42,0,0,179,0,2,5,3,1,1231
60,0,2,696,2,7,4,2,1,1233
32,0,1,116,1,13,3,4,1,1234
32,0,1,1316,1,2,2,1,1,1235
36,0,2,363,1,1,3,5,1,1237
33,0,2,117,1,9,3,3,1,1238
40,0,2,107,2,10,3,5,1,1239
25,0,2,1356,2,10,4,1,1,1240
30,0,2,1465,1,1,3,3,1,1241
42,0,1,458,1,26,5,3,1,1242
35,0,0,1212,2,8,2,2,1,1243
27,0,2,1103,1,14,3,1,1,1244
54,0,1,966,1,1,4,1,1,1245
44,0,2,1117,1,2,1,1,1,1246
19,1,0,504,1,10,3,3,1,1248
29,0,2,1010,1,1,3,1,1,1249
54,0,2,685,1,3,3,1,1,1250
31,0,2,1332,1,11,2,3,1,1251
31,0,2,1062,1,24,3,3,1,1252
59,0,2,326,2,3,3,1,1,1254
43,0,2,920,1,3,3,1,1,1255
49,0,2,1098,1,4,2,3,1,1256
36,0,1,469,1,3,3,5,1,1257
48,0,2,969,1,2,2,5,1,1258
27,0,2,1167,1,4,2,1,1,1259
29,0,2,1329,1,7,3,1,1,1260
48,0,2,715,1,1,3,1,1,1263
29,0,2,694,1,1,3,1,1,1264
34,0,2,1320,1,20,3,5,1,1265
44,0,2,1099,2,5,3,2,1,1267
33,0,2,536,2,10,5,2,1,1268
19,0,2,265,1,25,3,1,1,1269
23,0,2,373,1,1,2,1,1,1270
25,1,1,599,2,24,1,1,1,1273
26,0,2,583,1,4,2,1,1,1275
45,1,2,1449,2,2,3,2,1,1277
55,0,0,177,1,8,1,3,1,1278
21,1,1,251,1,10,2,1,1,1279
46,0,2,168,2,4,2,2,1,1280
34,0,2,131,2,2,3,2,1,1281
51,0,1,237,2,9,3,1,1,1282
59,0,2,1429,1,18,4,3,1,1283
34,0,1,135,1,19,3,3,1,1285
28,0,1,791,1,1,4,3,1,1286
44,0,2,1199,1,4,2,1,1,1288
34,0,1,648,0,11,3,1,1,1289
35,0,2,735,1,6,1,1,1,1291
42,0,2,603,1,7,4,3,1,1292
43,0,2,531,2,4,4,2,1,1293
36,0,2,429,1,2,4,1,1,1294
44,1,2,621,1,15,3,3,1,1295
28,0,1,193,1,2,3,1,1,1296
51,0,1,968,1,6,2,3,1,1297
30,0,0,879,1,9,2,3,1,1298
29,1,2,806,1,7,3,5,1,1299
28,0,2,640,1,1,3,5,1,1301
25,0,2,266,1,1,3,3,1,1303
32,0,2,604,2,8,3,3,1,1304
45,0,1,364,1,25,3,3,1,1306
39,0,2,412,1,13,4,3,1,1307
58,0,2,848,1,23,4,1,1,1308
32,1,2,1089,1,7,2,1,1,1309
39,1,2,360,1,23,3,3,1,1310
30,0,2,1138,1,6,3,5,1,1311
36,0,2,325,1,10,4,5,1,1312
46,0,2,991,0,1,2,1,1,1314
28,0,0,1476,1,1,3,1,1,1315
50,0,2,1322,1,28,3,1,1,1317
40,1,2,299,2,25,4,2,1,1318
52,1,2,1030,2,5,3,1,1,1319
30,0,2,634,1,17,4,3,1,1321
39,0,2,524,1,18,2,1,1,1322
31,0,0,587,2,2,4,1,1,1324
41,0,0,256,2,10,2,3,1,1329
31,1,1,1060,2,1,3,1,1,1331
44,1,2,935,1,3,3,1,1,1333
42,0,0,495,1,2,1,1,1,1334
55,0,2,282,1,2,2,3,1,1336
56,0,2,206,0,8,4,1,1,1338
40,0,0,458,1,16,2,1,1,1340
34,0,2,943,1,9,3,1,1,1344
40,0,2,523,1,2,3,1,1,1346
41,0,1,1018,2,1,3,2,1,1349
35,0,1,482,1,4,4,1,1,1350
51,0,2,770,0,5,3,1,1,1352
38,0,2,1009,2,2,2,1,1,1355
34,0,2,507,2,15,2,3,1,1356
25,0,2,882,1,19,1,3,1,1358
58,1,2,601,1,7,4,3,1,1360
40,0,2,329,1,1,4,1,1,1361
36,0,1,607,2,7,3,2,1,1362
48,0,2,855,1,4,3,1,1,1363
27,0,2,1291,2,11,3,3,1,1364
51,0,2,1405,1,11,2,5,1,1367
18,0,0,1124,1,1,3,1,1,1368
35,0,2,817,1,1,3,3,1,1369
27,0,1,793,2,2,1,1,1,1371
55,1,2,267,2,13,4,2,1,1372
56,0,2,1369,1,23,3,1,1,1373
34,0,0,999,1,26,1,5,1,1374
40,0,2,1202,1,2,1,3,1,1375
34,0,2,285,1,29,3,3,1,1377
31,1,1,703,2,2,3,1,1,1379
35,1,1,662,2,18,4,2,1,1380
38,0,1,693,1,7,3,1,1,1382
34,0,2,404,1,2,4,5,1,1383
28,0,2,736,2,26,3,1,1,1387
31,1,2,330,1,22,4,3,1,1389
39,0,2,1498,2,21,4,1,1,1390
51,0,1,541,2,2,3,2,1,1391
41,0,1,1200,1,22,3,1,1,1392
37,0,2,1439,1,4,1,1,1,1394
33,0,1,1111,2,5,1,1,1,1395
32,0,2,499,2,2,1,2,1,1396
39,0,0,1485,1,25,2,1,1,1397
25,0,2,1372,2,18,1,1,1,1399
52,0,1,322,1,28,2,3,1,1401
43,0,2,930,1,6,3,3,1,1402
27,0,2,205,2,10,3,2,1,1403
27,1,2,135,1,17,4,1,1,1405
26,0,2,683,1,2,1,3,1,1407
42,0,2,1147,0,10,3,0,1,1408
52,0,2,258,1,8,4,4,1,1409
37,0,2,1462,1,11,3,3,1,1411
35,0,1,200,1,18,2,1,1,1412
25,0,2,949,1,1,3,5,1,1415
26,0,2,652,1,7,3,4,1,1417
29,0,2,332,0,17,3,4,1,1419
49,1,1,1475,1,28,2,1,1,1420
29,1,1,337,1,14,1,4,1,1421
54,0,2,971,1,1,3,3,1,1422
58,0,2,1055,1,1,3,3,1,1423
55,0,2,1136,1,1,4,3,1,1424
36,0,2,1174,2,3,4,2,1,1425
31,1,1,667,2,1,4,1,1,1427
30,0,2,855,2,7,4,2,1,1428
31,0,2,182,1,8,5,1,1,1430
34,0,1,560,1,1,4,4,1,1431
31,1,2,202,1,8,3,1,1,1433
27,0,2,1377,1,11,1,1,1,1434
36,0,2,172,1,4,4,1,1,1435
36,0,2,329,2,16,4,2,1,1436
47,0,2,465,1,1,3,5,1,1438
25,1,2,383,2,9,2,1,1,1439
37,0,0,1413,1,5,2,5,1,1440
56,0,2,1255,1,1,2,1,1,1441
47,0,2,359,1,2,4,3,1,1443
24,0,2,1476,2,4,1,3,1,1445
32,0,2,601,2,7,5,2,1,1446
34,0,2,401,1,1,3,1,1,1447
41,0,2,1283,1,5,5,3,1,1448
40,0,0,663,1,9,4,4,1,1449
31,0,2,326,2,8,2,1,1,1453
46,1,2,377,2,9,3,2,1,1457
39,1,0,592,1,2,3,1,1,1458
31,1,1,1445,1,1,5,1,1,1459
45,0,2,1038,1,20,3,3,1,1460
31,0,2,1398,0,8,2,3,1,1461
31,1,1,523,1,2,3,1,1,1464
45,0,2,1448,1,29,3,5,1,1465
48,0,2,1221,2,7,3,2,1,1466
34,1,2,1107,0,9,4,5,1,1467
40,0,0,218,1,8,1,3,1,1468
28,0,2,866,2,5,3,3,1,1469
44,0,0,981,1,5,3,1,1,1471
53,0,2,447,1,2,3,3,1,1472
49,0,2,1495,1,5,4,5,1,1473
40,0,2,896,1,2,3,3,1,1474
44,0,2,1467,1,20,3,1,1,1475
33,0,1,430,2,7,3,3,1,1477
34,0,2,1326,2,3,3,4,1,1478
30,0,2,1358,2,16,1,1,1,1479
42,0,1,748,1,9,2,3,1,1480
44,0,1,383,2,1,5,2,1,1481
30,0,0,990,1,7,3,5,1,1482
57,0,2,405,1,1,2,1,1,1483
49,0,2,1490,1,7,4,1,1,1484
34,0,1,829,1,15,3,3,1,1485
28,1,1,1496,2,1,3,5,1,1486
29,1,1,115,2,13,3,5,1,1487
34,1,2,790,2,24,4,3,1,1489
35,0,2,660,2,7,1,1,1,1492
24,1,1,381,1,9,3,3,1,1494
24,0,0,830,2,13,2,1,1,1495
44,0,1,1193,1,2,1,3,1,1496
29,0,2,1246,2,19,3,1,1,1497
30,0,2,330,0,1,3,1,1,1499
55,0,2,1229,1,4,4,1,1,1501
33,0,2,1099,1,4,4,3,1,1502
47,0,2,571,2,14,3,3,1,1503
28,1,1,289,1,2,2,3,1,1504
28,0,2,1423,1,1,3,1,1,1506
28,0,1,467,2,7,3,1,1,1507
49,0,2,271,1,3,2,3,1,1509
29,0,1,410,1,2,1,1,1,1513
28,0,2,1083,1,29,1,1,1,1514
33,0,2,516,1,8,5,1,1,1515
32,0,2,495,1,10,3,3,1,1516
54,0,1,1050,1,11,4,3,1,1520
29,1,2,224,1,1,4,5,1,1522
44,0,2,136,1,28,3,1,1,1523
39,0,2,1089,1,6,3,1,1,1525
46,0,2,228,2,3,3,1,1,1527
35,0,2,1029,1,16,3,1,1,1529
23,0,2,507,1,20,1,1,1,1533
40,1,2,676,1,9,4,1,1,1534
34,0,2,971,2,1,3,5,1,1535
31,1,1,561,1,3,3,1,1,1537
50,0,1,333,1,22,5,3,1,1539
34,0,2,1440,2,7,2,5,1,1541
42,0,2,1210,1,2,3,3,1,1542
37,0,2,674,1,13,3,3,1,1543
29,0,2,441,1,8,1,4,1,1544
33,0,2,575,1,25,3,1,1,1545
45,0,2,950,1,28,3,5,1,1546
42,0,1,288,1,2,3,1,1,1547
40,0,2,1342,2,9,2,3,1,1548
33,0,2,589,1,28,4,1,1,1549
40,0,2,898,0,6,2,3,1,1550
24,0,2,350,1,21,2,5,1,1551
40,0,0,1142,1,8,2,1,1,1552
45,0,2,538,1,1,4,5,1,1553
35,0,2,1402,2,28,4,1,1,1554
32,0,2,824,1,5,2,1,1,1555
36,0,2,1157,2,2,4,1,1,1556
48,0,2,492,2,16,4,1,1,1557
29,0,2,598,1,9,3,1,1,1558
33,0,2,1242,2,8,4,1,1,1560
30,1,2,740,2,1,3,1,1,1562
38,0,1,888,0,10,4,0,1,1563
35,0,2,992,1,1,3,3,1,1564
30,0,2,1288,2,29,4,5,1,1568
35,1,2,104,1,2,3,1,1,1569
53,1,2,607,1,2,5,5,1,1572
38,1,2,903,1,2,3,3,1,1573
32,0,0,1200,1,1,4,5,1,1574
48,0,2,1108,1,15,4,4,1,1576
34,0,2,479,1,7,4,3,1,1577
55,0,2,685,2,26,5,2,1,1578
34,0,2,1351,1,1,4,1,1,1580
26,0,2,474,1,3,3,1,1,1581
38,0,2,1245,2,14,3,1,1,1582
38,0,2,437,2,16,3,1,1,1583
36,0,2,884,2,1,4,1,1,1585
29,0,2,1370,1,3,1,3,1,1586
35,0,2,670,1,10,4,3,1,1587
39,0,2,1462,2,6,3,3,1,1588
29,0,1,995,1,2,1,1,1,1590
50,0,2,264,2,9,3,2,1,1591
23,0,2,977,1,10,3,5,1,1592
36,0,1,1302,1,6,4,1,1,1594
42,0,2,1059,1,9,2,4,1,1595
35,0,2,750,1,28,3,1,1,1596
34,0,1,653,1,10,4,5,1,1597
40,0,2,118,2,14,2,1,1,1598
43,0,2,990,1,27,3,5,1,1599
35,0,2,1349,1,7,2,1,1,1601
46,0,2,563,2,1,4,1,1,1602
28,1,2,329,1,24,3,3,1,1604
22,0,0,457,1,26,2,4,1,1605
50,0,1,1234,1,20,5,3,1,1606
32,0,2,634,1,5,4,4,1,1607
44,0,2,1313,1,7,3,3,1,1608
30,0,2,241,1,7,3,3,1,1609
45,0,2,1015,1,5,5,3,1,1611
45,0,0,336,2,26,3,2,1,1612
31,0,1,715,2,2,4,4,1,1613
36,0,2,559,1,12,4,1,1,1614
34,0,1,426,1,10,4,1,1,1615
49,0,2,722,1,25,4,1,1,1617
39,0,2,1387,1,10,5,3,1,1618
27,0,2,1302,1,19,3,4,1,1619
35,0,2,819,1,18,5,1,1,1621
28,0,2,580,1,27,3,3,1,1622
21,0,2,546,1,5,1,3,1,1623
18,1,1,544,2,3,2,3,1,1624
47,0,2,1176,0,26,4,1,1,1625
39,0,2,170,1,3,2,3,1,1627
40,0,2,884,1,15,3,1,1,1628
35,0,0,208,1,8,4,1,1,1630
37,0,2,671,1,19,3,1,1,1631
39,0,1,711,1,4,3,3,1,1633
45,0,2,1329,1,2,2,4,1,1635
38,0,2,397,1,2,2,3,1,1638
35,1,2,737,2,10,3,3,1,1639
37,0,2,1470,1,10,3,3,1,1640
40,0,2,448,1,16,3,1,1,1641
44,0,1,602,0,1,5,0,1,1642
48,0,1,365,1,4,5,3,1,1644
35,1,2,763,2,15,2,3,1,1645
24,0,1,567,1,2,1,5,1,1646
27,0,2,486,1,8,3,3,1,1647
27,0,1,591,1,2,3,3,1,1648
40,1,2,1329,1,7,3,1,1,1649
29,0,2,469,2,10,3,3,1,1650
36,0,2,711,1,5,4,1,1,1651
25,0,1,772,1,2,1,1,1,1653
39,0,2,492,1,12,3,3,1,1654
49,0,2,301,1,22,4,4,1,1655
50,0,2,813,1,17,5,1,1,1656
20,0,2,1141,2,2,3,3,1,1657
34,0,2,1130,1,3,3,1,1,1658
36,0,2,311,1,7,3,1,1,1659
49,0,2,465,1,6,1,1,1,1661
36,0,0,894,1,1,4,3,1,1662
36,0,2,1040,1,3,2,1,1,1664
54,0,2,584,1,22,5,3,1,1665
43,0,2,1291,1,15,2,1,1,1666
35,1,1,880,2,12,4,4,1,1667
38,0,1,1189,1,1,3,1,1,1668
29,0,2,991,2,5,3,3,1,1669
33,0,2,392,2,2,4,3,1,1670
32,0,2,977,1,2,3,3,1,1671
31,0,2,1112,2,5,4,1,1,1673
49,0,2,464,1,16,3,3,1,1674
38,0,1,148,1,2,3,3,1,1675
47,0,2,1225,2,2,4,1,1,1676
49,0,2,809,1,1,3,1,1,1677
41,0,2,1206,2,23,2,1,1,1678
20,0,2,727,2,9,1,1,1,1680
33,0,0,530,2,16,3,1,1,1681
36,0,2,1351,1,26,4,1,1,1682
44,0,2,528,0,1,3,1,1,1683
23,1,2,1320,1,8,1,3,1,1684
38,0,2,1495,1,4,2,3,1,1687
53,0,2,1395,1,24,4,3,1,1689
48,1,1,708,2,7,2,3,1,1691
32,1,2,1259,1,2,4,1,1,1692
26,0,0,786,1,7,3,3,1,1693
55,0,2,1441,1,22,3,5,1,1694
34,0,2,1157,1,5,2,3,1,1696
60,0,2,370,1,1,4,3,1,1697
33,0,2,267,1,21,3,3,1,1698
37,0,1,1278,2,1,4,3,1,1700
34,0,2,678,1,19,3,1,1,1701
23,1,2,427,2,7,3,1,1,1702
44,0,2,921,1,2,3,1,1,1703
35,0,1,146,1,2,4,3,1,1704
43,0,2,1179,2,2,3,3,1,1706
24,0,2,581,1,9,3,3,1,1707
41,0,2,918,2,6,3,2,1,1708
29,0,2,1082,1,9,4,3,1,1709
36,0,2,530,2,2,4,1,1,1710
45,0,0,1238,1,1,1,1,1,1712
24,1,2,240,0,22,1,0,1,1714
47,1,1,1093,2,9,3,1,1,1716
26,0,2,390,1,17,4,3,1,1718
45,0,2,1005,1,28,2,5,1,1719
32,0,1,585,1,10,3,1,1,1720
31,0,2,741,1,2,4,1,1,1721
41,0,0,552,0,4,3,0,1,1722
40,0,2,369,1,8,2,1,1,1724
24,0,2,506,1,29,1,3,1,1725
46,0,2,717,1,13,4,1,1,1727
35,0,2,1370,1,27,4,1,1,1728
30,0,2,793,1,16,1,1,1,1729
47,0,0,543,2,2,4,2,1,1731
46,0,2,1277,2,2,3,1,1,1732
36,1,2,1456,2,13,5,2,1,1733
32,1,2,964,2,1,2,1,1,1734
23,0,2,160,1,4,1,3,1,1735
31,0,1,163,1,24,1,5,1,1736
39,0,0,792,1,1,3,1,1,1737
32,0,2,371,2,19,3,1,1,1739
40,0,2,611,2,7,4,3,1,1740
45,0,2,176,0,4,3,1,1,1744
30,0,1,1312,1,2,4,5,1,1745
24,0,1,897,0,10,3,3,1,1746
30,1,1,600,0,8,3,0,1,1747
31,0,2,1003,2,5,3,5,1,1749
27,0,2,1054,1,8,3,3,1,1751
29,1,2,428,2,9,3,2,1,1752
29,0,1,461,1,1,3,1,1,1753
30,0,2,979,2,15,2,2,1,1754
34,0,2,181,1,2,4,3,1,1755
33,0,0,1283,2,2,3,2,1,1756
49,0,2,1313,2,11,4,2,1,1757
33,1,2,211,2,16,3,1,1,1758
38,0,1,594,1,2,2,3,1,1760
31,1,2,1079,2,16,4,2,1,1761
29,0,2,590,1,4,3,5,1,1762
30,0,2,305,1,16,3,1,1,1763
32,0,0,953,1,5,4,5,1,1764
38,0,2,833,1,18,3,3,1,1766
43,1,1,807,1,17,3,5,1,1767
42,0,2,855,1,12,3,3,1,1768
55,0,2,478,1,2,3,3,1,1770
33,0,0,775,1,4,3,5,1,1771
41,0,2,548,1,9,4,1,1,1772
34,0,0,1375,2,10,3,1,1,1774
53,0,0,661,1,1,4,3,1,1775
43,0,2,244,0,2,3,1,1,1778
34,0,2,511,2,3,2,1,1,1779
21,1,2,337,2,7,1,2,1,1780
38,0,2,1153,1,6,2,4,1,1782
22,1,2,1294,1,8,1,3,1,1783
31,0,2,196,2,29,4,2,1,1784
51,0,2,942,1,3,3,5,1,1786
37,0,2,589,2,9,2,2,1,1787
46,0,2,734,1,2,4,3,1,1789
36,0,2,1383,1,10,3,1,1,1790
44,1,1,429,1,1,2,3,1,1792
37,0,2,1239,0,8,2,4,1,1794
35,1,2,303,2,27,3,1,1,1797
33,0,2,867,1,8,4,1,1,1798
28,0,2,1181,1,1,3,1,1,1799
39,0,2,1253,1,10,1,3,1,1800
46,0,0,849,2,26,2,1,1,1801
40,0,2,616,1,2,2,1,1,1802
42,0,2,1128,1,13,3,3,1,1803
35,0,0,1180,1,2,2,3,1,1804
38,0,0,1336,0,2,3,0,1,1805
34,1,1,234,1,9,4,1,1,1807
37,1,2,370,1,10,4,3,1,1809
39,0,1,766,2,20,3,1,1,1812
43,0,0,343,1,9,3,1,1,1813
41,0,2,447,1,5,3,1,1,1814
41,0,2,796,2,4,1,2,1,1815
30,0,2,1092,1,10,3,3,1,1816
26,1,2,920,0,20,2,3,1,1818
46,1,2,261,1,21,2,3,1,1821
40,0,2,1194,1,1,3,1,1,1822
34,0,2,810,2,8,2,5,1,1823
58,0,0,350,2,2,3,3,1,1824
35,0,2,185,1,23,4,3,1,1826
47,0,2,1001,1,4,3,1,1,1827
40,0,2,750,1,12,3,1,1,1829
54,0,2,431,1,7,4,3,1,1830
31,0,1,1125,2,7,4,2,1,1833
28,0,2,1217,1,1,3,3,1,1834
38,0,2,723,2,2,4,2,1,1835
26,0,2,572,2,10,3,3,1,1836
58,0,1,1216,1,15,4,1,1,1837
18,0,0,1431,1,14,3,3,1,1839
31,1,2,359,0,18,5,0,1,1842
29,1,2,350,0,13,3,0,1,1844
45,0,0,589,2,2,4,1,1,1845
36,0,2,430,1,2,4,4,1,1847
43,0,1,1422,2,2,4,1,1,1849
27,0,1,1297,1,5,2,1,1,1850
29,0,1,574,1,20,1,3,1,1852
32,0,1,1318,2,10,4,2,1,1853
42,0,0,355,1,10,4,5,1,1854
47,0,2,207,1,9,4,1,1,1856
46,0,2,706,1,2,2,1,1,1857
28,0,0,280,0,1,2,1,1,1858
29,0,2,726,1,29,1,1,1,1859
42,0,2,1142,1,8,3,1,1,1860
32,1,2,414,2,2,4,2,1,1862
46,0,2,1319,2,3,3,5,1,1863
27,0,2,728,2,23,1,3,1,1864
29,0,2,352,0,6,1,3,1,1865
43,0,2,823,1,6,3,3,1,1866
48,0,2,1224,1,10,3,1,1,1867
29,1,1,459,1,24,2,1,1,1868
46,1,2,1254,2,10,3,1,1,1869
27,0,1,1131,1,15,3,1,1,1870
39,0,2,835,1,19,4,4,1,1871
55,0,2,836,1,2,4,5,1,1873
28,0,2,1172,2,3,3,3,1,1875
30,1,2,945,2,9,3,3,1,1876
22,1,2,391,1,7,1,1,1,1878
36,0,2,1266,2,10,4,5,1,1880
31,0,2,311,1,20,3,1,1,1881
34,0,2,1480,2,4,3,1,1,1882
29,0,2,592,1,7,3,1,1,1883
37,0,2,783,1,7,4,3,1,1885
35,0,2,219,1,16,2,4,1,1886
45,0,2,556,1,25,2,1,1,1888
36,0,1,1213,0,2,1,0,1,1890
40,0,2,1137,1,1,4,1,1,1892
26,0,2,482,1,1,2,1,1,1893
27,0,2,511,2,2,2,3,1,1898
48,0,1,117,1,22,3,3,1,1900
44,0,2,170,1,1,4,1,1,1903
34,1,0,967,1,16,4,5,1,1905
56,1,2,1162,1,24,2,1,1,1907
36,0,2,335,2,17,2,2,1,1908
41,0,2,337,2,8,3,2,1,1909
42,0,2,1396,1,6,3,3,1,1911
31,0,2,1079,2,10,2,3,1,1912
34,0,2,735,2,3,1,3,1,1915
31,0,2,471,1,4,3,3,1,1916
26,0,1,1096,1,6,3,4,1,1918
45,0,1,1297,1,1,4,3,1,1922
33,0,2,217,2,10,4,2,1,1924
28,0,1,783,2,1,2,1,1,1927
29,1,1,746,2,24,3,5,1,1928
39,0,0,1251,2,21,4,1,1,1929
27,0,2,1354,1,2,4,5,1,1931
34,0,1,735,1,22,4,4,1,1932
28,1,2,1475,2,13,2,2,1,1933
47,0,0,1169,1,14,4,5,1,1934
56,0,2,1443,2,11,5,2,1,1935
39,0,2,867,1,9,2,3,1,1936
38,0,1,1394,1,8,3,3,1,1937
58,0,2,605,2,21,3,1,1,1938
32,1,1,238,1,5,2,1,1,1939
38,0,2,1206,1,9,2,1,1,1940
49,0,1,1064,1,2,1,1,1,1941
42,0,2,419,2,12,4,2,1,1943
27,1,1,1337,0,22,3,0,1,1944
35,0,2,682,2,18,4,3,1,1945
28,0,0,1103,1,16,3,3,1,1947
31,0,0,976,1,3,2,3,1,1948
36,0,0,1351,1,9,4,1,1,1949
34,0,2,937,2,1,3,2,1,1950
34,0,2,1239,2,13,4,3,1,1951
26,0,2,157,1,1,3,3,1,1952
29,0,2,136,1,1,3,1,1,1954
32,0,0,1146,1,15,4,3,1,1955
31,0,1,1125,1,1,3,1,1,1956
28,1,2,1404,1,17,3,5,1,1960
38,0,2,1404,2,1,3,1,1,1961
35,0,2,1224,2,7,4,1,1,1962
27,0,2,954,2,9,3,2,1,1965
32,0,2,1373,1,5,4,1,1,1966
31,1,1,754,2,26,4,2,1,1967
53,1,2,1168,2,24,4,1,1,1968
54,0,2,155,1,9,2,1,1,1969
33,0,1,1303,1,7,2,1,1,1970
43,0,2,574,1,11,3,1,1,1971
38,0,1,1444,0,1,4,4,1,1972
55,0,2,189,0,26,4,0,1,1973
31,0,2,1276,1,2,1,3,1,1974
39,0,2,119,2,15,4,2,1,1975
42,0,0,335,1,23,2,1,1,1976
31,0,0,697,1,10,3,3,1,1979
54,0,2,157,1,10,3,3,1,1980
24,0,2,771,1,1,2,1,1,1981
23,0,2,571,1,12,2,4,1,1982
40,0,1,692,1,11,3,5,1,1985
40,0,2,444,2,2,2,2,1,1986
25,0,2,309,0,2,3,0,1,1987
30,0,2,911,1,1,2,3,1,1989
25,0,2,977,1,2,1,4,1,1992
47,0,2,1180,1,25,3,3,1,1993
33,0,0,1313,1,1,2,3,1,1994
38,0,2,1321,2,1,4,1,1,1995
31,0,2,1154,2,2,2,1,1,1996
38,0,1,508,1,6,4,1,1,1997
42,0,2,557,1,18,4,1,1,1998
41,0,2,642,1,1,3,1,1,1999
47,0,0,1162,1,1,1,3,1,2000
35,0,2,1490,1,11,4,3,1,2003
22,0,2,581,1,1,2,1,1,2007
35,0,2,1395,1,9,4,3,1,2008
33,0,2,501,1,15,2,3,1,2009
32,0,2,267,1,29,4,1,1,2010
40,0,2,543,1,1,4,1,1,2012
32,0,2,234,2,1,4,3,1,2013
39,0,2,116,1,24,1,1,1,2014
38,0,2,201,1,10,3,3,1,2015
32,0,2,801,2,1,4,2,1,2016
37,0,2,161,1,10,3,1,1,2017
25,0,2,1382,2,8,2,4,1,2018
52,0,0,585,2,29,4,1,1,2019
44,0,2,1037,1,1,3,3,1,2020
21,0,2,501,2,5,1,3,1,2021
39,0,0,105,1,9,3,1,1,2022
23,1,1,638,2,9,3,2,1,2023
36,0,2,557,2,3,3,3,1,2024
36,0,1,688,1,4,2,1,1,2025
56,0,0,667,1,1,4,1,1,2026
29,1,2,1092,1,1,4,3,1,2027
42,0,2,300,1,2,3,1,1,2031
56,1,2,310,1,7,2,5,1,2032
41,0,2,582,1,28,4,1,1,2034
34,0,2,704,2,28,3,2,1,2035
36,0,0,301,2,15,4,2,1,2036
41,0,2,930,2,3,3,1,1,2037
32,0,2,529,1,2,3,5,1,2038
35,0,2,1146,0,26,4,1,1,2040
38,0,2,345,2,10,2,1,1,2041
50,1,1,878,2,1,4,1,1,2044
36,0,2,1120,2,11,4,2,1,2045
45,0,2,374,2,20,3,1,1,2046
40,0,2,1322,1,2,4,1,1,2048
35,0,1,1199,1,18,4,1,1,2049
40,0,2,1194,1,2,4,3,1,2051
35,0,2,287,1,1,4,1,1,2052
29,0,2,1378,1,13,2,4,1,2053
29,0,2,468,1,28,4,3,1,2054
50,1,2,410,2,28,3,2,1,2055
39,0,2,722,2,24,1,2,1,2056
31,0,0,325,1,5,3,3,1,2057
26,0,2,1167,2,5,3,4,1,2060
36,0,1,884,1,23,2,3,1,2061
39,0,2,613,1,6,1,3,1,2062
27,0,2,155,1,4,3,1,1,2064
49,0,1,1023,2,2,3,3,1,2065
34,0,2,628,1,8,3,3,1,2068
